,0
"(0, 0)",0.0
"(0, 1)",13.8983
"(0, 2)",13.8983
"(0, 3)",13.8983
"(0, 4)",13.8983
"(0, 5)",13.8983
"(0, 6)",9.8883
"(0, 7)",8.2817
"(0, 8)",11.1867
"(0, 9)",10.9767
"(0, 10)",17.9433
"(0, 11)",23.7383
"(0, 12)",23.7383
"(0, 13)",16.8917
"(0, 14)",16.8917
"(0, 15)",0.0
"(0, 16)",16.8917
"(0, 17)",16.8917
"(0, 18)",0.0
"(0, 19)",16.8917
"(0, 20)",16.8917
"(0, 21)",16.8917
"(0, 22)",0.0
"(0, 23)",88.8867
"(0, 24)",88.8867
"(0, 25)",4.5317
"(0, 26)",4.5317
"(0, 27)",4.5317
"(0, 28)",4.5317
"(0, 29)",4.5317
"(0, 30)",8.9083
"(0, 31)",8.9083
"(0, 32)",0.0
"(0, 33)",8.9083
"(0, 34)",8.9083
"(0, 35)",0.0
"(0, 36)",8.9083
"(0, 37)",8.9083
"(0, 38)",0.0
"(0, 39)",8.9083
"(0, 40)",8.9083
"(0, 41)",0.0
"(0, 42)",9.8883
"(0, 43)",9.8883
"(0, 44)",9.8883
"(0, 45)",7.37
"(1, 0)",15.0467
"(1, 1)",0.0
"(1, 2)",0.0
"(1, 3)",0.0
"(1, 4)",0.0
"(1, 5)",0.0
"(1, 6)",11.5633
"(1, 7)",15.96
"(1, 8)",21.4183
"(1, 9)",17.0317
"(1, 10)",7.8883
"(1, 11)",13.785
"(1, 12)",13.785
"(1, 13)",9.4817
"(1, 14)",9.4817
"(1, 15)",15.0467
"(1, 16)",9.4817
"(1, 17)",9.4817
"(1, 18)",15.0467
"(1, 19)",9.4817
"(1, 20)",9.4817
"(1, 21)",9.4817
"(1, 22)",15.0467
"(1, 23)",94.215
"(1, 24)",94.215
"(1, 25)",12.0617
"(1, 26)",12.0617
"(1, 27)",12.0617
"(1, 28)",12.0617
"(1, 29)",12.0617
"(1, 30)",16.7117
"(1, 31)",16.7117
"(1, 32)",15.0467
"(1, 33)",16.7117
"(1, 34)",16.7117
"(1, 35)",15.0467
"(1, 36)",16.7117
"(1, 37)",16.7117
"(1, 38)",15.0467
"(1, 39)",16.7117
"(1, 40)",16.7117
"(1, 41)",15.0467
"(1, 42)",11.5633
"(1, 43)",11.5633
"(1, 44)",11.5633
"(1, 45)",13.1783
"(2, 0)",15.0467
"(2, 1)",0.0
"(2, 2)",0.0
"(2, 3)",0.0
"(2, 4)",0.0
"(2, 5)",0.0
"(2, 6)",11.5633
"(2, 7)",15.96
"(2, 8)",21.4183
"(2, 9)",17.0317
"(2, 10)",7.8883
"(2, 11)",13.785
"(2, 12)",13.785
"(2, 13)",9.4817
"(2, 14)",9.4817
"(2, 15)",15.0467
"(2, 16)",9.4817
"(2, 17)",9.4817
"(2, 18)",15.0467
"(2, 19)",9.4817
"(2, 20)",9.4817
"(2, 21)",9.4817
"(2, 22)",15.0467
"(2, 23)",94.215
"(2, 24)",94.215
"(2, 25)",12.0617
"(2, 26)",12.0617
"(2, 27)",12.0617
"(2, 28)",12.0617
"(2, 29)",12.0617
"(2, 30)",16.7117
"(2, 31)",16.7117
"(2, 32)",15.0467
"(2, 33)",16.7117
"(2, 34)",16.7117
"(2, 35)",15.0467
"(2, 36)",16.7117
"(2, 37)",16.7117
"(2, 38)",15.0467
"(2, 39)",16.7117
"(2, 40)",16.7117
"(2, 41)",15.0467
"(2, 42)",11.5633
"(2, 43)",11.5633
"(2, 44)",11.5633
"(2, 45)",13.1783
"(3, 0)",15.0467
"(3, 1)",0.0
"(3, 2)",0.0
"(3, 3)",0.0
"(3, 4)",0.0
"(3, 5)",0.0
"(3, 6)",11.5633
"(3, 7)",15.96
"(3, 8)",21.4183
"(3, 9)",17.0317
"(3, 10)",7.8883
"(3, 11)",13.785
"(3, 12)",13.785
"(3, 13)",9.4817
"(3, 14)",9.4817
"(3, 15)",15.0467
"(3, 16)",9.4817
"(3, 17)",9.4817
"(3, 18)",15.0467
"(3, 19)",9.4817
"(3, 20)",9.4817
"(3, 21)",9.4817
"(3, 22)",15.0467
"(3, 23)",94.215
"(3, 24)",94.215
"(3, 25)",12.0617
"(3, 26)",12.0617
"(3, 27)",12.0617
"(3, 28)",12.0617
"(3, 29)",12.0617
"(3, 30)",16.7117
"(3, 31)",16.7117
"(3, 32)",15.0467
"(3, 33)",16.7117
"(3, 34)",16.7117
"(3, 35)",15.0467
"(3, 36)",16.7117
"(3, 37)",16.7117
"(3, 38)",15.0467
"(3, 39)",16.7117
"(3, 40)",16.7117
"(3, 41)",15.0467
"(3, 42)",11.5633
"(3, 43)",11.5633
"(3, 44)",11.5633
"(3, 45)",13.1783
"(4, 0)",15.0467
"(4, 1)",0.0
"(4, 2)",0.0
"(4, 3)",0.0
"(4, 4)",0.0
"(4, 5)",0.0
"(4, 6)",11.5633
"(4, 7)",15.96
"(4, 8)",21.4183
"(4, 9)",17.0317
"(4, 10)",7.8883
"(4, 11)",13.785
"(4, 12)",13.785
"(4, 13)",9.4817
"(4, 14)",9.4817
"(4, 15)",15.0467
"(4, 16)",9.4817
"(4, 17)",9.4817
"(4, 18)",15.0467
"(4, 19)",9.4817
"(4, 20)",9.4817
"(4, 21)",9.4817
"(4, 22)",15.0467
"(4, 23)",94.215
"(4, 24)",94.215
"(4, 25)",12.0617
"(4, 26)",12.0617
"(4, 27)",12.0617
"(4, 28)",12.0617
"(4, 29)",12.0617
"(4, 30)",16.7117
"(4, 31)",16.7117
"(4, 32)",15.0467
"(4, 33)",16.7117
"(4, 34)",16.7117
"(4, 35)",15.0467
"(4, 36)",16.7117
"(4, 37)",16.7117
"(4, 38)",15.0467
"(4, 39)",16.7117
"(4, 40)",16.7117
"(4, 41)",15.0467
"(4, 42)",11.5633
"(4, 43)",11.5633
"(4, 44)",11.5633
"(4, 45)",13.1783
"(5, 0)",15.0467
"(5, 1)",0.0
"(5, 2)",0.0
"(5, 3)",0.0
"(5, 4)",0.0
"(5, 5)",0.0
"(5, 6)",11.5633
"(5, 7)",15.96
"(5, 8)",21.4183
"(5, 9)",17.0317
"(5, 10)",7.8883
"(5, 11)",13.785
"(5, 12)",13.785
"(5, 13)",9.4817
"(5, 14)",9.4817
"(5, 15)",15.0467
"(5, 16)",9.4817
"(5, 17)",9.4817
"(5, 18)",15.0467
"(5, 19)",9.4817
"(5, 20)",9.4817
"(5, 21)",9.4817
"(5, 22)",15.0467
"(5, 23)",94.215
"(5, 24)",94.215
"(5, 25)",12.0617
"(5, 26)",12.0617
"(5, 27)",12.0617
"(5, 28)",12.0617
"(5, 29)",12.0617
"(5, 30)",16.7117
"(5, 31)",16.7117
"(5, 32)",15.0467
"(5, 33)",16.7117
"(5, 34)",16.7117
"(5, 35)",15.0467
"(5, 36)",16.7117
"(5, 37)",16.7117
"(5, 38)",15.0467
"(5, 39)",16.7117
"(5, 40)",16.7117
"(5, 41)",15.0467
"(5, 42)",11.5633
"(5, 43)",11.5633
"(5, 44)",11.5633
"(5, 45)",13.1783
"(6, 0)",9.7933
"(6, 1)",10.965
"(6, 2)",10.965
"(6, 3)",10.965
"(6, 4)",10.965
"(6, 5)",10.965
"(6, 6)",0.0
"(6, 7)",10.7133
"(6, 8)",16.6383
"(6, 9)",16.1733
"(6, 10)",15.01
"(6, 11)",20.805
"(6, 12)",20.805
"(6, 13)",13.9583
"(6, 14)",13.9583
"(6, 15)",9.7933
"(6, 16)",13.9583
"(6, 17)",13.9583
"(6, 18)",9.7933
"(6, 19)",13.9583
"(6, 20)",13.9583
"(6, 21)",13.9583
"(6, 22)",9.7933
"(6, 23)",95.0083
"(6, 24)",95.0083
"(6, 25)",11.0533
"(6, 26)",11.0533
"(6, 27)",11.0533
"(6, 28)",11.0533
"(6, 29)",11.0533
"(6, 30)",11.465
"(6, 31)",11.465
"(6, 32)",9.7933
"(6, 33)",11.465
"(6, 34)",11.465
"(6, 35)",9.7933
"(6, 36)",11.465
"(6, 37)",11.465
"(6, 38)",9.7933
"(6, 39)",11.465
"(6, 40)",11.465
"(6, 41)",9.7933
"(6, 42)",0.0
"(6, 43)",0.0
"(6, 44)",0.0
"(6, 45)",15.5133
"(7, 0)",8.0917
"(7, 1)",14.545
"(7, 2)",14.545
"(7, 3)",14.545
"(7, 4)",14.545
"(7, 5)",14.545
"(7, 6)",10.535
"(7, 7)",0.0
"(7, 8)",13.9783
"(7, 9)",13.5133
"(7, 10)",18.59
"(7, 11)",24.385
"(7, 12)",24.385
"(7, 13)",17.5383
"(7, 14)",17.5383
"(7, 15)",8.0917
"(7, 16)",17.5383
"(7, 17)",17.5383
"(7, 18)",8.0917
"(7, 19)",17.5383
"(7, 20)",17.5383
"(7, 21)",17.5383
"(7, 22)",8.0917
"(7, 23)",92.3483
"(7, 24)",92.3483
"(7, 25)",10.6
"(7, 26)",10.6
"(7, 27)",10.6
"(7, 28)",10.6
"(7, 29)",10.6
"(7, 30)",3.6717
"(7, 31)",3.6717
"(7, 32)",8.0917
"(7, 33)",3.6717
"(7, 34)",3.6717
"(7, 35)",8.0917
"(7, 36)",3.6717
"(7, 37)",3.6717
"(7, 38)",8.0917
"(7, 39)",3.6717
"(7, 40)",3.6717
"(7, 41)",8.0917
"(7, 42)",10.535
"(7, 43)",10.535
"(7, 44)",10.535
"(7, 45)",13.365
"(8, 0)",11.53
"(8, 1)",19.9867
"(8, 2)",19.9867
"(8, 3)",19.9867
"(8, 4)",19.9867
"(8, 5)",19.9867
"(8, 6)",16.9383
"(8, 7)",14.3767
"(8, 8)",0.0
"(8, 9)",9.7833
"(8, 10)",24.0317
"(8, 11)",29.9283
"(8, 12)",29.9283
"(8, 13)",23.9417
"(8, 14)",23.9417
"(8, 15)",11.53
"(8, 16)",23.9417
"(8, 17)",23.9417
"(8, 18)",11.53
"(8, 19)",23.9417
"(8, 20)",23.9417
"(8, 21)",23.9417
"(8, 22)",11.53
"(8, 23)",87.6733
"(8, 24)",87.6733
"(8, 25)",10.2117
"(8, 26)",10.2117
"(8, 27)",10.2117
"(8, 28)",10.2117
"(8, 29)",10.2117
"(8, 30)",12.9017
"(8, 31)",12.9017
"(8, 32)",11.53
"(8, 33)",12.9017
"(8, 34)",12.9017
"(8, 35)",11.53
"(8, 36)",12.9017
"(8, 37)",12.9017
"(8, 38)",11.53
"(8, 39)",12.9017
"(8, 40)",12.9017
"(8, 41)",11.53
"(8, 42)",16.9383
"(8, 43)",16.9383
"(8, 44)",16.9383
"(8, 45)",9.3933
"(9, 0)",11.1067
"(9, 1)",15.5283
"(9, 2)",15.5283
"(9, 3)",15.5283
"(9, 4)",15.5283
"(9, 5)",15.5283
"(9, 6)",16.2383
"(9, 7)",13.6767
"(9, 8)",9.8233
"(9, 9)",0.0
"(9, 10)",19.5733
"(9, 11)",25.47
"(9, 12)",25.47
"(9, 13)",21.3533
"(9, 14)",21.3533
"(9, 15)",11.1067
"(9, 16)",21.3533
"(9, 17)",21.3533
"(9, 18)",11.1067
"(9, 19)",21.3533
"(9, 20)",21.3533
"(9, 21)",21.3533
"(9, 22)",11.1067
"(9, 23)",83.9617
"(9, 24)",83.9617
"(9, 25)",9.7883
"(9, 26)",9.7883
"(9, 27)",9.7883
"(9, 28)",9.7883
"(9, 29)",9.7883
"(9, 30)",12.2017
"(9, 31)",12.2017
"(9, 32)",11.1067
"(9, 33)",12.2017
"(9, 34)",12.2017
"(9, 35)",11.1067
"(9, 36)",12.2017
"(9, 37)",12.2017
"(9, 38)",11.1067
"(9, 39)",12.2017
"(9, 40)",12.2017
"(9, 41)",11.1067
"(9, 42)",16.2383
"(9, 43)",16.2383
"(9, 44)",16.2383
"(9, 45)",4.935
"(10, 0)",17.7583
"(10, 1)",6.3683
"(10, 2)",6.3683
"(10, 3)",6.3683
"(10, 4)",6.3683
"(10, 5)",6.3683
"(10, 6)",14.275
"(10, 7)",18.6717
"(10, 8)",24.13
"(10, 9)",19.7433
"(10, 10)",0.0
"(10, 11)",16.31
"(10, 12)",16.31
"(10, 13)",12.1933
"(10, 14)",12.1933
"(10, 15)",17.7583
"(10, 16)",12.1933
"(10, 17)",12.1933
"(10, 18)",17.7583
"(10, 19)",12.1933
"(10, 20)",12.1933
"(10, 21)",12.1933
"(10, 22)",17.7583
"(10, 23)",96.9267
"(10, 24)",96.9267
"(10, 25)",14.7733
"(10, 26)",14.7733
"(10, 27)",14.7733
"(10, 28)",14.7733
"(10, 29)",14.7733
"(10, 30)",19.4233
"(10, 31)",19.4233
"(10, 32)",17.7583
"(10, 33)",19.4233
"(10, 34)",19.4233
"(10, 35)",17.7583
"(10, 36)",19.4233
"(10, 37)",19.4233
"(10, 38)",17.7583
"(10, 39)",19.4233
"(10, 40)",19.4233
"(10, 41)",17.7583
"(10, 42)",14.275
"(10, 43)",14.275
"(10, 44)",14.275
"(10, 45)",15.89
"(11, 0)",23.705
"(11, 1)",12.315
"(11, 2)",12.315
"(11, 3)",12.315
"(11, 4)",12.315
"(11, 5)",12.315
"(11, 6)",20.2217
"(11, 7)",24.6183
"(11, 8)",30.0767
"(11, 9)",25.69
"(11, 10)",16.5467
"(11, 11)",0.0
"(11, 12)",0.0
"(11, 13)",17.2817
"(11, 14)",17.2817
"(11, 15)",23.705
"(11, 16)",17.2817
"(11, 17)",17.2817
"(11, 18)",23.705
"(11, 19)",17.2817
"(11, 20)",17.2817
"(11, 21)",17.2817
"(11, 22)",23.705
"(11, 23)",102.8733
"(11, 24)",102.8733
"(11, 25)",20.72
"(11, 26)",20.72
"(11, 27)",20.72
"(11, 28)",20.72
"(11, 29)",20.72
"(11, 30)",25.37
"(11, 31)",25.37
"(11, 32)",23.705
"(11, 33)",25.37
"(11, 34)",25.37
"(11, 35)",23.705
"(11, 36)",25.37
"(11, 37)",25.37
"(11, 38)",23.705
"(11, 39)",25.37
"(11, 40)",25.37
"(11, 41)",23.705
"(11, 42)",20.2217
"(11, 43)",20.2217
"(11, 44)",20.2217
"(11, 45)",21.8367
"(12, 0)",23.705
"(12, 1)",12.315
"(12, 2)",12.315
"(12, 3)",12.315
"(12, 4)",12.315
"(12, 5)",12.315
"(12, 6)",20.2217
"(12, 7)",24.6183
"(12, 8)",30.0767
"(12, 9)",25.69
"(12, 10)",16.5467
"(12, 11)",0.0
"(12, 12)",0.0
"(12, 13)",17.2817
"(12, 14)",17.2817
"(12, 15)",23.705
"(12, 16)",17.2817
"(12, 17)",17.2817
"(12, 18)",23.705
"(12, 19)",17.2817
"(12, 20)",17.2817
"(12, 21)",17.2817
"(12, 22)",23.705
"(12, 23)",102.8733
"(12, 24)",102.8733
"(12, 25)",20.72
"(12, 26)",20.72
"(12, 27)",20.72
"(12, 28)",20.72
"(12, 29)",20.72
"(12, 30)",25.37
"(12, 31)",25.37
"(12, 32)",23.705
"(12, 33)",25.37
"(12, 34)",25.37
"(12, 35)",23.705
"(12, 36)",25.37
"(12, 37)",25.37
"(12, 38)",23.705
"(12, 39)",25.37
"(12, 40)",25.37
"(12, 41)",23.705
"(12, 42)",20.2217
"(12, 43)",20.2217
"(12, 44)",20.2217
"(12, 45)",21.8367
"(13, 0)",16.5217
"(13, 1)",8.7983
"(13, 2)",8.7983
"(13, 3)",8.7983
"(13, 4)",8.7983
"(13, 5)",8.7983
"(13, 6)",12.89
"(13, 7)",17.2867
"(13, 8)",23.2117
"(13, 9)",21.9867
"(13, 10)",12.8433
"(13, 11)",17.06
"(13, 12)",17.06
"(13, 13)",0.0
"(13, 14)",0.0
"(13, 15)",16.5217
"(13, 16)",0.0
"(13, 17)",0.0
"(13, 18)",16.5217
"(13, 19)",0.0
"(13, 20)",0.0
"(13, 21)",0.0
"(13, 22)",16.5217
"(13, 23)",99.17
"(13, 24)",99.17
"(13, 25)",17.0167
"(13, 26)",17.0167
"(13, 27)",17.0167
"(13, 28)",17.0167
"(13, 29)",17.0167
"(13, 30)",18.0383
"(13, 31)",18.0383
"(13, 32)",16.5217
"(13, 33)",18.0383
"(13, 34)",18.0383
"(13, 35)",16.5217
"(13, 36)",18.0383
"(13, 37)",18.0383
"(13, 38)",16.5217
"(13, 39)",18.0383
"(13, 40)",18.0383
"(13, 41)",16.5217
"(13, 42)",12.89
"(13, 43)",12.89
"(13, 44)",12.89
"(13, 45)",18.1333
"(14, 0)",16.5217
"(14, 1)",8.7983
"(14, 2)",8.7983
"(14, 3)",8.7983
"(14, 4)",8.7983
"(14, 5)",8.7983
"(14, 6)",12.89
"(14, 7)",17.2867
"(14, 8)",23.2117
"(14, 9)",21.9867
"(14, 10)",12.8433
"(14, 11)",17.06
"(14, 12)",17.06
"(14, 13)",0.0
"(14, 14)",0.0
"(14, 15)",16.5217
"(14, 16)",0.0
"(14, 17)",0.0
"(14, 18)",16.5217
"(14, 19)",0.0
"(14, 20)",0.0
"(14, 21)",0.0
"(14, 22)",16.5217
"(14, 23)",99.17
"(14, 24)",99.17
"(14, 25)",17.0167
"(14, 26)",17.0167
"(14, 27)",17.0167
"(14, 28)",17.0167
"(14, 29)",17.0167
"(14, 30)",18.0383
"(14, 31)",18.0383
"(14, 32)",16.5217
"(14, 33)",18.0383
"(14, 34)",18.0383
"(14, 35)",16.5217
"(14, 36)",18.0383
"(14, 37)",18.0383
"(14, 38)",16.5217
"(14, 39)",18.0383
"(14, 40)",18.0383
"(14, 41)",16.5217
"(14, 42)",12.89
"(14, 43)",12.89
"(14, 44)",12.89
"(14, 45)",18.1333
"(15, 0)",0.0
"(15, 1)",13.8983
"(15, 2)",13.8983
"(15, 3)",13.8983
"(15, 4)",13.8983
"(15, 5)",13.8983
"(15, 6)",9.8883
"(15, 7)",8.2817
"(15, 8)",11.1867
"(15, 9)",10.9767
"(15, 10)",17.9433
"(15, 11)",23.7383
"(15, 12)",23.7383
"(15, 13)",16.8917
"(15, 14)",16.8917
"(15, 15)",0.0
"(15, 16)",16.8917
"(15, 17)",16.8917
"(15, 18)",0.0
"(15, 19)",16.8917
"(15, 20)",16.8917
"(15, 21)",16.8917
"(15, 22)",0.0
"(15, 23)",88.8867
"(15, 24)",88.8867
"(15, 25)",4.5317
"(15, 26)",4.5317
"(15, 27)",4.5317
"(15, 28)",4.5317
"(15, 29)",4.5317
"(15, 30)",8.9083
"(15, 31)",8.9083
"(15, 32)",0.0
"(15, 33)",8.9083
"(15, 34)",8.9083
"(15, 35)",0.0
"(15, 36)",8.9083
"(15, 37)",8.9083
"(15, 38)",0.0
"(15, 39)",8.9083
"(15, 40)",8.9083
"(15, 41)",0.0
"(15, 42)",9.8883
"(15, 43)",9.8883
"(15, 44)",9.8883
"(15, 45)",7.37
"(16, 0)",16.5217
"(16, 1)",8.7983
"(16, 2)",8.7983
"(16, 3)",8.7983
"(16, 4)",8.7983
"(16, 5)",8.7983
"(16, 6)",12.89
"(16, 7)",17.2867
"(16, 8)",23.2117
"(16, 9)",21.9867
"(16, 10)",12.8433
"(16, 11)",17.06
"(16, 12)",17.06
"(16, 13)",0.0
"(16, 14)",0.0
"(16, 15)",16.5217
"(16, 16)",0.0
"(16, 17)",0.0
"(16, 18)",16.5217
"(16, 19)",0.0
"(16, 20)",0.0
"(16, 21)",0.0
"(16, 22)",16.5217
"(16, 23)",99.17
"(16, 24)",99.17
"(16, 25)",17.0167
"(16, 26)",17.0167
"(16, 27)",17.0167
"(16, 28)",17.0167
"(16, 29)",17.0167
"(16, 30)",18.0383
"(16, 31)",18.0383
"(16, 32)",16.5217
"(16, 33)",18.0383
"(16, 34)",18.0383
"(16, 35)",16.5217
"(16, 36)",18.0383
"(16, 37)",18.0383
"(16, 38)",16.5217
"(16, 39)",18.0383
"(16, 40)",18.0383
"(16, 41)",16.5217
"(16, 42)",12.89
"(16, 43)",12.89
"(16, 44)",12.89
"(16, 45)",18.1333
"(17, 0)",16.5217
"(17, 1)",8.7983
"(17, 2)",8.7983
"(17, 3)",8.7983
"(17, 4)",8.7983
"(17, 5)",8.7983
"(17, 6)",12.89
"(17, 7)",17.2867
"(17, 8)",23.2117
"(17, 9)",21.9867
"(17, 10)",12.8433
"(17, 11)",17.06
"(17, 12)",17.06
"(17, 13)",0.0
"(17, 14)",0.0
"(17, 15)",16.5217
"(17, 16)",0.0
"(17, 17)",0.0
"(17, 18)",16.5217
"(17, 19)",0.0
"(17, 20)",0.0
"(17, 21)",0.0
"(17, 22)",16.5217
"(17, 23)",99.17
"(17, 24)",99.17
"(17, 25)",17.0167
"(17, 26)",17.0167
"(17, 27)",17.0167
"(17, 28)",17.0167
"(17, 29)",17.0167
"(17, 30)",18.0383
"(17, 31)",18.0383
"(17, 32)",16.5217
"(17, 33)",18.0383
"(17, 34)",18.0383
"(17, 35)",16.5217
"(17, 36)",18.0383
"(17, 37)",18.0383
"(17, 38)",16.5217
"(17, 39)",18.0383
"(17, 40)",18.0383
"(17, 41)",16.5217
"(17, 42)",12.89
"(17, 43)",12.89
"(17, 44)",12.89
"(17, 45)",18.1333
"(18, 0)",0.0
"(18, 1)",13.8983
"(18, 2)",13.8983
"(18, 3)",13.8983
"(18, 4)",13.8983
"(18, 5)",13.8983
"(18, 6)",9.8883
"(18, 7)",8.2817
"(18, 8)",11.1867
"(18, 9)",10.9767
"(18, 10)",17.9433
"(18, 11)",23.7383
"(18, 12)",23.7383
"(18, 13)",16.8917
"(18, 14)",16.8917
"(18, 15)",0.0
"(18, 16)",16.8917
"(18, 17)",16.8917
"(18, 18)",0.0
"(18, 19)",16.8917
"(18, 20)",16.8917
"(18, 21)",16.8917
"(18, 22)",0.0
"(18, 23)",88.8867
"(18, 24)",88.8867
"(18, 25)",4.5317
"(18, 26)",4.5317
"(18, 27)",4.5317
"(18, 28)",4.5317
"(18, 29)",4.5317
"(18, 30)",8.9083
"(18, 31)",8.9083
"(18, 32)",0.0
"(18, 33)",8.9083
"(18, 34)",8.9083
"(18, 35)",0.0
"(18, 36)",8.9083
"(18, 37)",8.9083
"(18, 38)",0.0
"(18, 39)",8.9083
"(18, 40)",8.9083
"(18, 41)",0.0
"(18, 42)",9.8883
"(18, 43)",9.8883
"(18, 44)",9.8883
"(18, 45)",7.37
"(19, 0)",16.5217
"(19, 1)",8.7983
"(19, 2)",8.7983
"(19, 3)",8.7983
"(19, 4)",8.7983
"(19, 5)",8.7983
"(19, 6)",12.89
"(19, 7)",17.2867
"(19, 8)",23.2117
"(19, 9)",21.9867
"(19, 10)",12.8433
"(19, 11)",17.06
"(19, 12)",17.06
"(19, 13)",0.0
"(19, 14)",0.0
"(19, 15)",16.5217
"(19, 16)",0.0
"(19, 17)",0.0
"(19, 18)",16.5217
"(19, 19)",0.0
"(19, 20)",0.0
"(19, 21)",0.0
"(19, 22)",16.5217
"(19, 23)",99.17
"(19, 24)",99.17
"(19, 25)",17.0167
"(19, 26)",17.0167
"(19, 27)",17.0167
"(19, 28)",17.0167
"(19, 29)",17.0167
"(19, 30)",18.0383
"(19, 31)",18.0383
"(19, 32)",16.5217
"(19, 33)",18.0383
"(19, 34)",18.0383
"(19, 35)",16.5217
"(19, 36)",18.0383
"(19, 37)",18.0383
"(19, 38)",16.5217
"(19, 39)",18.0383
"(19, 40)",18.0383
"(19, 41)",16.5217
"(19, 42)",12.89
"(19, 43)",12.89
"(19, 44)",12.89
"(19, 45)",18.1333
"(20, 0)",16.5217
"(20, 1)",8.7983
"(20, 2)",8.7983
"(20, 3)",8.7983
"(20, 4)",8.7983
"(20, 5)",8.7983
"(20, 6)",12.89
"(20, 7)",17.2867
"(20, 8)",23.2117
"(20, 9)",21.9867
"(20, 10)",12.8433
"(20, 11)",17.06
"(20, 12)",17.06
"(20, 13)",0.0
"(20, 14)",0.0
"(20, 15)",16.5217
"(20, 16)",0.0
"(20, 17)",0.0
"(20, 18)",16.5217
"(20, 19)",0.0
"(20, 20)",0.0
"(20, 21)",0.0
"(20, 22)",16.5217
"(20, 23)",99.17
"(20, 24)",99.17
"(20, 25)",17.0167
"(20, 26)",17.0167
"(20, 27)",17.0167
"(20, 28)",17.0167
"(20, 29)",17.0167
"(20, 30)",18.0383
"(20, 31)",18.0383
"(20, 32)",16.5217
"(20, 33)",18.0383
"(20, 34)",18.0383
"(20, 35)",16.5217
"(20, 36)",18.0383
"(20, 37)",18.0383
"(20, 38)",16.5217
"(20, 39)",18.0383
"(20, 40)",18.0383
"(20, 41)",16.5217
"(20, 42)",12.89
"(20, 43)",12.89
"(20, 44)",12.89
"(20, 45)",18.1333
"(21, 0)",16.5217
"(21, 1)",8.7983
"(21, 2)",8.7983
"(21, 3)",8.7983
"(21, 4)",8.7983
"(21, 5)",8.7983
"(21, 6)",12.89
"(21, 7)",17.2867
"(21, 8)",23.2117
"(21, 9)",21.9867
"(21, 10)",12.8433
"(21, 11)",17.06
"(21, 12)",17.06
"(21, 13)",0.0
"(21, 14)",0.0
"(21, 15)",16.5217
"(21, 16)",0.0
"(21, 17)",0.0
"(21, 18)",16.5217
"(21, 19)",0.0
"(21, 20)",0.0
"(21, 21)",0.0
"(21, 22)",16.5217
"(21, 23)",99.17
"(21, 24)",99.17
"(21, 25)",17.0167
"(21, 26)",17.0167
"(21, 27)",17.0167
"(21, 28)",17.0167
"(21, 29)",17.0167
"(21, 30)",18.0383
"(21, 31)",18.0383
"(21, 32)",16.5217
"(21, 33)",18.0383
"(21, 34)",18.0383
"(21, 35)",16.5217
"(21, 36)",18.0383
"(21, 37)",18.0383
"(21, 38)",16.5217
"(21, 39)",18.0383
"(21, 40)",18.0383
"(21, 41)",16.5217
"(21, 42)",12.89
"(21, 43)",12.89
"(21, 44)",12.89
"(21, 45)",18.1333
"(22, 0)",0.0
"(22, 1)",13.8983
"(22, 2)",13.8983
"(22, 3)",13.8983
"(22, 4)",13.8983
"(22, 5)",13.8983
"(22, 6)",9.8883
"(22, 7)",8.2817
"(22, 8)",11.1867
"(22, 9)",10.9767
"(22, 10)",17.9433
"(22, 11)",23.7383
"(22, 12)",23.7383
"(22, 13)",16.8917
"(22, 14)",16.8917
"(22, 15)",0.0
"(22, 16)",16.8917
"(22, 17)",16.8917
"(22, 18)",0.0
"(22, 19)",16.8917
"(22, 20)",16.8917
"(22, 21)",16.8917
"(22, 22)",0.0
"(22, 23)",88.8867
"(22, 24)",88.8867
"(22, 25)",4.5317
"(22, 26)",4.5317
"(22, 27)",4.5317
"(22, 28)",4.5317
"(22, 29)",4.5317
"(22, 30)",8.9083
"(22, 31)",8.9083
"(22, 32)",0.0
"(22, 33)",8.9083
"(22, 34)",8.9083
"(22, 35)",0.0
"(22, 36)",8.9083
"(22, 37)",8.9083
"(22, 38)",0.0
"(22, 39)",8.9083
"(22, 40)",8.9083
"(22, 41)",0.0
"(22, 42)",9.8883
"(22, 43)",9.8883
"(22, 44)",9.8883
"(22, 45)",7.37
"(23, 0)",87.935
"(23, 1)",91.42
"(23, 2)",91.42
"(23, 3)",91.42
"(23, 4)",91.42
"(23, 5)",91.42
"(23, 6)",94.705
"(23, 7)",92.1433
"(23, 8)",87.2317
"(23, 9)",83.615
"(23, 10)",95.465
"(23, 11)",101.3617
"(23, 12)",101.3617
"(23, 13)",97.245
"(23, 14)",97.245
"(23, 15)",87.935
"(23, 16)",97.245
"(23, 17)",97.245
"(23, 18)",87.935
"(23, 19)",97.245
"(23, 20)",97.245
"(23, 21)",97.245
"(23, 22)",87.935
"(23, 23)",0.0
"(23, 24)",0.0
"(23, 25)",86.6167
"(23, 26)",86.6167
"(23, 27)",86.6167
"(23, 28)",86.6167
"(23, 29)",86.6167
"(23, 30)",90.6683
"(23, 31)",90.6683
"(23, 32)",87.935
"(23, 33)",90.6683
"(23, 34)",90.6683
"(23, 35)",87.935
"(23, 36)",90.6683
"(23, 37)",90.6683
"(23, 38)",87.935
"(23, 39)",90.6683
"(23, 40)",90.6683
"(23, 41)",87.935
"(23, 42)",94.705
"(23, 43)",94.705
"(23, 44)",94.705
"(23, 45)",81.5817
"(24, 0)",87.935
"(24, 1)",91.42
"(24, 2)",91.42
"(24, 3)",91.42
"(24, 4)",91.42
"(24, 5)",91.42
"(24, 6)",94.705
"(24, 7)",92.1433
"(24, 8)",87.2317
"(24, 9)",83.615
"(24, 10)",95.465
"(24, 11)",101.3617
"(24, 12)",101.3617
"(24, 13)",97.245
"(24, 14)",97.245
"(24, 15)",87.935
"(24, 16)",97.245
"(24, 17)",97.245
"(24, 18)",87.935
"(24, 19)",97.245
"(24, 20)",97.245
"(24, 21)",97.245
"(24, 22)",87.935
"(24, 23)",0.0
"(24, 24)",0.0
"(24, 25)",86.6167
"(24, 26)",86.6167
"(24, 27)",86.6167
"(24, 28)",86.6167
"(24, 29)",86.6167
"(24, 30)",90.6683
"(24, 31)",90.6683
"(24, 32)",87.935
"(24, 33)",90.6683
"(24, 34)",90.6683
"(24, 35)",87.935
"(24, 36)",90.6683
"(24, 37)",90.6683
"(24, 38)",87.935
"(24, 39)",90.6683
"(24, 40)",90.6683
"(24, 41)",87.935
"(24, 42)",94.705
"(24, 43)",94.705
"(24, 44)",94.705
"(24, 45)",81.5817
"(25, 0)",4.435
"(25, 1)",11.0117
"(25, 2)",11.0117
"(25, 3)",11.0117
"(25, 4)",11.0117
"(25, 5)",11.0117
"(25, 6)",10.8883
"(25, 7)",10.9017
"(25, 8)",9.7883
"(25, 9)",9.5783
"(25, 10)",15.0567
"(25, 11)",20.9533
"(25, 12)",20.9533
"(25, 13)",16.8367
"(25, 14)",16.8367
"(25, 15)",4.435
"(25, 16)",16.8367
"(25, 17)",16.8367
"(25, 18)",4.435
"(25, 19)",16.8367
"(25, 20)",16.8367
"(25, 21)",16.8367
"(25, 22)",4.435
"(25, 23)",87.4883
"(25, 24)",87.4883
"(25, 25)",0.0
"(25, 26)",0.0
"(25, 27)",0.0
"(25, 28)",0.0
"(25, 29)",0.0
"(25, 30)",11.5283
"(25, 31)",11.5283
"(25, 32)",4.435
"(25, 33)",11.5283
"(25, 34)",11.5283
"(25, 35)",4.435
"(25, 36)",11.5283
"(25, 37)",11.5283
"(25, 38)",4.435
"(25, 39)",11.5283
"(25, 40)",11.5283
"(25, 41)",4.435
"(25, 42)",10.8883
"(25, 43)",10.8883
"(25, 44)",10.8883
"(25, 45)",5.9717
"(26, 0)",4.435
"(26, 1)",11.0117
"(26, 2)",11.0117
"(26, 3)",11.0117
"(26, 4)",11.0117
"(26, 5)",11.0117
"(26, 6)",10.8883
"(26, 7)",10.9017
"(26, 8)",9.7883
"(26, 9)",9.5783
"(26, 10)",15.0567
"(26, 11)",20.9533
"(26, 12)",20.9533
"(26, 13)",16.8367
"(26, 14)",16.8367
"(26, 15)",4.435
"(26, 16)",16.8367
"(26, 17)",16.8367
"(26, 18)",4.435
"(26, 19)",16.8367
"(26, 20)",16.8367
"(26, 21)",16.8367
"(26, 22)",4.435
"(26, 23)",87.4883
"(26, 24)",87.4883
"(26, 25)",0.0
"(26, 26)",0.0
"(26, 27)",0.0
"(26, 28)",0.0
"(26, 29)",0.0
"(26, 30)",11.5283
"(26, 31)",11.5283
"(26, 32)",4.435
"(26, 33)",11.5283
"(26, 34)",11.5283
"(26, 35)",4.435
"(26, 36)",11.5283
"(26, 37)",11.5283
"(26, 38)",4.435
"(26, 39)",11.5283
"(26, 40)",11.5283
"(26, 41)",4.435
"(26, 42)",10.8883
"(26, 43)",10.8883
"(26, 44)",10.8883
"(26, 45)",5.9717
"(27, 0)",4.435
"(27, 1)",11.0117
"(27, 2)",11.0117
"(27, 3)",11.0117
"(27, 4)",11.0117
"(27, 5)",11.0117
"(27, 6)",10.8883
"(27, 7)",10.9017
"(27, 8)",9.7883
"(27, 9)",9.5783
"(27, 10)",15.0567
"(27, 11)",20.9533
"(27, 12)",20.9533
"(27, 13)",16.8367
"(27, 14)",16.8367
"(27, 15)",4.435
"(27, 16)",16.8367
"(27, 17)",16.8367
"(27, 18)",4.435
"(27, 19)",16.8367
"(27, 20)",16.8367
"(27, 21)",16.8367
"(27, 22)",4.435
"(27, 23)",87.4883
"(27, 24)",87.4883
"(27, 25)",0.0
"(27, 26)",0.0
"(27, 27)",0.0
"(27, 28)",0.0
"(27, 29)",0.0
"(27, 30)",11.5283
"(27, 31)",11.5283
"(27, 32)",4.435
"(27, 33)",11.5283
"(27, 34)",11.5283
"(27, 35)",4.435
"(27, 36)",11.5283
"(27, 37)",11.5283
"(27, 38)",4.435
"(27, 39)",11.5283
"(27, 40)",11.5283
"(27, 41)",4.435
"(27, 42)",10.8883
"(27, 43)",10.8883
"(27, 44)",10.8883
"(27, 45)",5.9717
"(28, 0)",4.435
"(28, 1)",11.0117
"(28, 2)",11.0117
"(28, 3)",11.0117
"(28, 4)",11.0117
"(28, 5)",11.0117
"(28, 6)",10.8883
"(28, 7)",10.9017
"(28, 8)",9.7883
"(28, 9)",9.5783
"(28, 10)",15.0567
"(28, 11)",20.9533
"(28, 12)",20.9533
"(28, 13)",16.8367
"(28, 14)",16.8367
"(28, 15)",4.435
"(28, 16)",16.8367
"(28, 17)",16.8367
"(28, 18)",4.435
"(28, 19)",16.8367
"(28, 20)",16.8367
"(28, 21)",16.8367
"(28, 22)",4.435
"(28, 23)",87.4883
"(28, 24)",87.4883
"(28, 25)",0.0
"(28, 26)",0.0
"(28, 27)",0.0
"(28, 28)",0.0
"(28, 29)",0.0
"(28, 30)",11.5283
"(28, 31)",11.5283
"(28, 32)",4.435
"(28, 33)",11.5283
"(28, 34)",11.5283
"(28, 35)",4.435
"(28, 36)",11.5283
"(28, 37)",11.5283
"(28, 38)",4.435
"(28, 39)",11.5283
"(28, 40)",11.5283
"(28, 41)",4.435
"(28, 42)",10.8883
"(28, 43)",10.8883
"(28, 44)",10.8883
"(28, 45)",5.9717
"(29, 0)",4.435
"(29, 1)",11.0117
"(29, 2)",11.0117
"(29, 3)",11.0117
"(29, 4)",11.0117
"(29, 5)",11.0117
"(29, 6)",10.8883
"(29, 7)",10.9017
"(29, 8)",9.7883
"(29, 9)",9.5783
"(29, 10)",15.0567
"(29, 11)",20.9533
"(29, 12)",20.9533
"(29, 13)",16.8367
"(29, 14)",16.8367
"(29, 15)",4.435
"(29, 16)",16.8367
"(29, 17)",16.8367
"(29, 18)",4.435
"(29, 19)",16.8367
"(29, 20)",16.8367
"(29, 21)",16.8367
"(29, 22)",4.435
"(29, 23)",87.4883
"(29, 24)",87.4883
"(29, 25)",0.0
"(29, 26)",0.0
"(29, 27)",0.0
"(29, 28)",0.0
"(29, 29)",0.0
"(29, 30)",11.5283
"(29, 31)",11.5283
"(29, 32)",4.435
"(29, 33)",11.5283
"(29, 34)",11.5283
"(29, 35)",4.435
"(29, 36)",11.5283
"(29, 37)",11.5283
"(29, 38)",4.435
"(29, 39)",11.5283
"(29, 40)",11.5283
"(29, 41)",4.435
"(29, 42)",10.8883
"(29, 43)",10.8883
"(29, 44)",10.8883
"(29, 45)",5.9717
"(30, 0)",8.9633
"(30, 1)",15.48
"(30, 2)",15.48
"(30, 3)",15.48
"(30, 4)",15.48
"(30, 5)",15.48
"(30, 6)",11.47
"(30, 7)",3.7433
"(30, 8)",12.4933
"(30, 9)",12.0283
"(30, 10)",19.525
"(30, 11)",25.32
"(30, 12)",25.32
"(30, 13)",18.4733
"(30, 14)",18.4733
"(30, 15)",8.9633
"(30, 16)",18.4733
"(30, 17)",18.4733
"(30, 18)",8.9633
"(30, 19)",18.4733
"(30, 20)",18.4733
"(30, 21)",18.4733
"(30, 22)",8.9633
"(30, 23)",90.8633
"(30, 24)",90.8633
"(30, 25)",11.4717
"(30, 26)",11.4717
"(30, 27)",11.4717
"(30, 28)",11.4717
"(30, 29)",11.4717
"(30, 30)",0.0
"(30, 31)",0.0
"(30, 32)",8.9633
"(30, 33)",0.0
"(30, 34)",0.0
"(30, 35)",8.9633
"(30, 36)",0.0
"(30, 37)",0.0
"(30, 38)",8.9633
"(30, 39)",0.0
"(30, 40)",0.0
"(30, 41)",8.9633
"(30, 42)",11.47
"(30, 43)",11.47
"(30, 44)",11.47
"(30, 45)",11.88
"(31, 0)",8.9633
"(31, 1)",15.48
"(31, 2)",15.48
"(31, 3)",15.48
"(31, 4)",15.48
"(31, 5)",15.48
"(31, 6)",11.47
"(31, 7)",3.7433
"(31, 8)",12.4933
"(31, 9)",12.0283
"(31, 10)",19.525
"(31, 11)",25.32
"(31, 12)",25.32
"(31, 13)",18.4733
"(31, 14)",18.4733
"(31, 15)",8.9633
"(31, 16)",18.4733
"(31, 17)",18.4733
"(31, 18)",8.9633
"(31, 19)",18.4733
"(31, 20)",18.4733
"(31, 21)",18.4733
"(31, 22)",8.9633
"(31, 23)",90.8633
"(31, 24)",90.8633
"(31, 25)",11.4717
"(31, 26)",11.4717
"(31, 27)",11.4717
"(31, 28)",11.4717
"(31, 29)",11.4717
"(31, 30)",0.0
"(31, 31)",0.0
"(31, 32)",8.9633
"(31, 33)",0.0
"(31, 34)",0.0
"(31, 35)",8.9633
"(31, 36)",0.0
"(31, 37)",0.0
"(31, 38)",8.9633
"(31, 39)",0.0
"(31, 40)",0.0
"(31, 41)",8.9633
"(31, 42)",11.47
"(31, 43)",11.47
"(31, 44)",11.47
"(31, 45)",11.88
"(32, 0)",0.0
"(32, 1)",13.8983
"(32, 2)",13.8983
"(32, 3)",13.8983
"(32, 4)",13.8983
"(32, 5)",13.8983
"(32, 6)",9.8883
"(32, 7)",8.2817
"(32, 8)",11.1867
"(32, 9)",10.9767
"(32, 10)",17.9433
"(32, 11)",23.7383
"(32, 12)",23.7383
"(32, 13)",16.8917
"(32, 14)",16.8917
"(32, 15)",0.0
"(32, 16)",16.8917
"(32, 17)",16.8917
"(32, 18)",0.0
"(32, 19)",16.8917
"(32, 20)",16.8917
"(32, 21)",16.8917
"(32, 22)",0.0
"(32, 23)",88.8867
"(32, 24)",88.8867
"(32, 25)",4.5317
"(32, 26)",4.5317
"(32, 27)",4.5317
"(32, 28)",4.5317
"(32, 29)",4.5317
"(32, 30)",8.9083
"(32, 31)",8.9083
"(32, 32)",0.0
"(32, 33)",8.9083
"(32, 34)",8.9083
"(32, 35)",0.0
"(32, 36)",8.9083
"(32, 37)",8.9083
"(32, 38)",0.0
"(32, 39)",8.9083
"(32, 40)",8.9083
"(32, 41)",0.0
"(32, 42)",9.8883
"(32, 43)",9.8883
"(32, 44)",9.8883
"(32, 45)",7.37
"(33, 0)",8.9633
"(33, 1)",15.48
"(33, 2)",15.48
"(33, 3)",15.48
"(33, 4)",15.48
"(33, 5)",15.48
"(33, 6)",11.47
"(33, 7)",3.7433
"(33, 8)",12.4933
"(33, 9)",12.0283
"(33, 10)",19.525
"(33, 11)",25.32
"(33, 12)",25.32
"(33, 13)",18.4733
"(33, 14)",18.4733
"(33, 15)",8.9633
"(33, 16)",18.4733
"(33, 17)",18.4733
"(33, 18)",8.9633
"(33, 19)",18.4733
"(33, 20)",18.4733
"(33, 21)",18.4733
"(33, 22)",8.9633
"(33, 23)",90.8633
"(33, 24)",90.8633
"(33, 25)",11.4717
"(33, 26)",11.4717
"(33, 27)",11.4717
"(33, 28)",11.4717
"(33, 29)",11.4717
"(33, 30)",0.0
"(33, 31)",0.0
"(33, 32)",8.9633
"(33, 33)",0.0
"(33, 34)",0.0
"(33, 35)",8.9633
"(33, 36)",0.0
"(33, 37)",0.0
"(33, 38)",8.9633
"(33, 39)",0.0
"(33, 40)",0.0
"(33, 41)",8.9633
"(33, 42)",11.47
"(33, 43)",11.47
"(33, 44)",11.47
"(33, 45)",11.88
"(34, 0)",8.9633
"(34, 1)",15.48
"(34, 2)",15.48
"(34, 3)",15.48
"(34, 4)",15.48
"(34, 5)",15.48
"(34, 6)",11.47
"(34, 7)",3.7433
"(34, 8)",12.4933
"(34, 9)",12.0283
"(34, 10)",19.525
"(34, 11)",25.32
"(34, 12)",25.32
"(34, 13)",18.4733
"(34, 14)",18.4733
"(34, 15)",8.9633
"(34, 16)",18.4733
"(34, 17)",18.4733
"(34, 18)",8.9633
"(34, 19)",18.4733
"(34, 20)",18.4733
"(34, 21)",18.4733
"(34, 22)",8.9633
"(34, 23)",90.8633
"(34, 24)",90.8633
"(34, 25)",11.4717
"(34, 26)",11.4717
"(34, 27)",11.4717
"(34, 28)",11.4717
"(34, 29)",11.4717
"(34, 30)",0.0
"(34, 31)",0.0
"(34, 32)",8.9633
"(34, 33)",0.0
"(34, 34)",0.0
"(34, 35)",8.9633
"(34, 36)",0.0
"(34, 37)",0.0
"(34, 38)",8.9633
"(34, 39)",0.0
"(34, 40)",0.0
"(34, 41)",8.9633
"(34, 42)",11.47
"(34, 43)",11.47
"(34, 44)",11.47
"(34, 45)",11.88
"(35, 0)",0.0
"(35, 1)",13.8983
"(35, 2)",13.8983
"(35, 3)",13.8983
"(35, 4)",13.8983
"(35, 5)",13.8983
"(35, 6)",9.8883
"(35, 7)",8.2817
"(35, 8)",11.1867
"(35, 9)",10.9767
"(35, 10)",17.9433
"(35, 11)",23.7383
"(35, 12)",23.7383
"(35, 13)",16.8917
"(35, 14)",16.8917
"(35, 15)",0.0
"(35, 16)",16.8917
"(35, 17)",16.8917
"(35, 18)",0.0
"(35, 19)",16.8917
"(35, 20)",16.8917
"(35, 21)",16.8917
"(35, 22)",0.0
"(35, 23)",88.8867
"(35, 24)",88.8867
"(35, 25)",4.5317
"(35, 26)",4.5317
"(35, 27)",4.5317
"(35, 28)",4.5317
"(35, 29)",4.5317
"(35, 30)",8.9083
"(35, 31)",8.9083
"(35, 32)",0.0
"(35, 33)",8.9083
"(35, 34)",8.9083
"(35, 35)",0.0
"(35, 36)",8.9083
"(35, 37)",8.9083
"(35, 38)",0.0
"(35, 39)",8.9083
"(35, 40)",8.9083
"(35, 41)",0.0
"(35, 42)",9.8883
"(35, 43)",9.8883
"(35, 44)",9.8883
"(35, 45)",7.37
"(36, 0)",8.9633
"(36, 1)",15.48
"(36, 2)",15.48
"(36, 3)",15.48
"(36, 4)",15.48
"(36, 5)",15.48
"(36, 6)",11.47
"(36, 7)",3.7433
"(36, 8)",12.4933
"(36, 9)",12.0283
"(36, 10)",19.525
"(36, 11)",25.32
"(36, 12)",25.32
"(36, 13)",18.4733
"(36, 14)",18.4733
"(36, 15)",8.9633
"(36, 16)",18.4733
"(36, 17)",18.4733
"(36, 18)",8.9633
"(36, 19)",18.4733
"(36, 20)",18.4733
"(36, 21)",18.4733
"(36, 22)",8.9633
"(36, 23)",90.8633
"(36, 24)",90.8633
"(36, 25)",11.4717
"(36, 26)",11.4717
"(36, 27)",11.4717
"(36, 28)",11.4717
"(36, 29)",11.4717
"(36, 30)",0.0
"(36, 31)",0.0
"(36, 32)",8.9633
"(36, 33)",0.0
"(36, 34)",0.0
"(36, 35)",8.9633
"(36, 36)",0.0
"(36, 37)",0.0
"(36, 38)",8.9633
"(36, 39)",0.0
"(36, 40)",0.0
"(36, 41)",8.9633
"(36, 42)",11.47
"(36, 43)",11.47
"(36, 44)",11.47
"(36, 45)",11.88
"(37, 0)",8.9633
"(37, 1)",15.48
"(37, 2)",15.48
"(37, 3)",15.48
"(37, 4)",15.48
"(37, 5)",15.48
"(37, 6)",11.47
"(37, 7)",3.7433
"(37, 8)",12.4933
"(37, 9)",12.0283
"(37, 10)",19.525
"(37, 11)",25.32
"(37, 12)",25.32
"(37, 13)",18.4733
"(37, 14)",18.4733
"(37, 15)",8.9633
"(37, 16)",18.4733
"(37, 17)",18.4733
"(37, 18)",8.9633
"(37, 19)",18.4733
"(37, 20)",18.4733
"(37, 21)",18.4733
"(37, 22)",8.9633
"(37, 23)",90.8633
"(37, 24)",90.8633
"(37, 25)",11.4717
"(37, 26)",11.4717
"(37, 27)",11.4717
"(37, 28)",11.4717
"(37, 29)",11.4717
"(37, 30)",0.0
"(37, 31)",0.0
"(37, 32)",8.9633
"(37, 33)",0.0
"(37, 34)",0.0
"(37, 35)",8.9633
"(37, 36)",0.0
"(37, 37)",0.0
"(37, 38)",8.9633
"(37, 39)",0.0
"(37, 40)",0.0
"(37, 41)",8.9633
"(37, 42)",11.47
"(37, 43)",11.47
"(37, 44)",11.47
"(37, 45)",11.88
"(38, 0)",0.0
"(38, 1)",13.8983
"(38, 2)",13.8983
"(38, 3)",13.8983
"(38, 4)",13.8983
"(38, 5)",13.8983
"(38, 6)",9.8883
"(38, 7)",8.2817
"(38, 8)",11.1867
"(38, 9)",10.9767
"(38, 10)",17.9433
"(38, 11)",23.7383
"(38, 12)",23.7383
"(38, 13)",16.8917
"(38, 14)",16.8917
"(38, 15)",0.0
"(38, 16)",16.8917
"(38, 17)",16.8917
"(38, 18)",0.0
"(38, 19)",16.8917
"(38, 20)",16.8917
"(38, 21)",16.8917
"(38, 22)",0.0
"(38, 23)",88.8867
"(38, 24)",88.8867
"(38, 25)",4.5317
"(38, 26)",4.5317
"(38, 27)",4.5317
"(38, 28)",4.5317
"(38, 29)",4.5317
"(38, 30)",8.9083
"(38, 31)",8.9083
"(38, 32)",0.0
"(38, 33)",8.9083
"(38, 34)",8.9083
"(38, 35)",0.0
"(38, 36)",8.9083
"(38, 37)",8.9083
"(38, 38)",0.0
"(38, 39)",8.9083
"(38, 40)",8.9083
"(38, 41)",0.0
"(38, 42)",9.8883
"(38, 43)",9.8883
"(38, 44)",9.8883
"(38, 45)",7.37
"(39, 0)",8.9633
"(39, 1)",15.48
"(39, 2)",15.48
"(39, 3)",15.48
"(39, 4)",15.48
"(39, 5)",15.48
"(39, 6)",11.47
"(39, 7)",3.7433
"(39, 8)",12.4933
"(39, 9)",12.0283
"(39, 10)",19.525
"(39, 11)",25.32
"(39, 12)",25.32
"(39, 13)",18.4733
"(39, 14)",18.4733
"(39, 15)",8.9633
"(39, 16)",18.4733
"(39, 17)",18.4733
"(39, 18)",8.9633
"(39, 19)",18.4733
"(39, 20)",18.4733
"(39, 21)",18.4733
"(39, 22)",8.9633
"(39, 23)",90.8633
"(39, 24)",90.8633
"(39, 25)",11.4717
"(39, 26)",11.4717
"(39, 27)",11.4717
"(39, 28)",11.4717
"(39, 29)",11.4717
"(39, 30)",0.0
"(39, 31)",0.0
"(39, 32)",8.9633
"(39, 33)",0.0
"(39, 34)",0.0
"(39, 35)",8.9633
"(39, 36)",0.0
"(39, 37)",0.0
"(39, 38)",8.9633
"(39, 39)",0.0
"(39, 40)",0.0
"(39, 41)",8.9633
"(39, 42)",11.47
"(39, 43)",11.47
"(39, 44)",11.47
"(39, 45)",11.88
"(40, 0)",8.9633
"(40, 1)",15.48
"(40, 2)",15.48
"(40, 3)",15.48
"(40, 4)",15.48
"(40, 5)",15.48
"(40, 6)",11.47
"(40, 7)",3.7433
"(40, 8)",12.4933
"(40, 9)",12.0283
"(40, 10)",19.525
"(40, 11)",25.32
"(40, 12)",25.32
"(40, 13)",18.4733
"(40, 14)",18.4733
"(40, 15)",8.9633
"(40, 16)",18.4733
"(40, 17)",18.4733
"(40, 18)",8.9633
"(40, 19)",18.4733
"(40, 20)",18.4733
"(40, 21)",18.4733
"(40, 22)",8.9633
"(40, 23)",90.8633
"(40, 24)",90.8633
"(40, 25)",11.4717
"(40, 26)",11.4717
"(40, 27)",11.4717
"(40, 28)",11.4717
"(40, 29)",11.4717
"(40, 30)",0.0
"(40, 31)",0.0
"(40, 32)",8.9633
"(40, 33)",0.0
"(40, 34)",0.0
"(40, 35)",8.9633
"(40, 36)",0.0
"(40, 37)",0.0
"(40, 38)",8.9633
"(40, 39)",0.0
"(40, 40)",0.0
"(40, 41)",8.9633
"(40, 42)",11.47
"(40, 43)",11.47
"(40, 44)",11.47
"(40, 45)",11.88
"(41, 0)",0.0
"(41, 1)",13.8983
"(41, 2)",13.8983
"(41, 3)",13.8983
"(41, 4)",13.8983
"(41, 5)",13.8983
"(41, 6)",9.8883
"(41, 7)",8.2817
"(41, 8)",11.1867
"(41, 9)",10.9767
"(41, 10)",17.9433
"(41, 11)",23.7383
"(41, 12)",23.7383
"(41, 13)",16.8917
"(41, 14)",16.8917
"(41, 15)",0.0
"(41, 16)",16.8917
"(41, 17)",16.8917
"(41, 18)",0.0
"(41, 19)",16.8917
"(41, 20)",16.8917
"(41, 21)",16.8917
"(41, 22)",0.0
"(41, 23)",88.8867
"(41, 24)",88.8867
"(41, 25)",4.5317
"(41, 26)",4.5317
"(41, 27)",4.5317
"(41, 28)",4.5317
"(41, 29)",4.5317
"(41, 30)",8.9083
"(41, 31)",8.9083
"(41, 32)",0.0
"(41, 33)",8.9083
"(41, 34)",8.9083
"(41, 35)",0.0
"(41, 36)",8.9083
"(41, 37)",8.9083
"(41, 38)",0.0
"(41, 39)",8.9083
"(41, 40)",8.9083
"(41, 41)",0.0
"(41, 42)",9.8883
"(41, 43)",9.8883
"(41, 44)",9.8883
"(41, 45)",7.37
"(42, 0)",9.7933
"(42, 1)",10.965
"(42, 2)",10.965
"(42, 3)",10.965
"(42, 4)",10.965
"(42, 5)",10.965
"(42, 6)",0.0
"(42, 7)",10.7133
"(42, 8)",16.6383
"(42, 9)",16.1733
"(42, 10)",15.01
"(42, 11)",20.805
"(42, 12)",20.805
"(42, 13)",13.9583
"(42, 14)",13.9583
"(42, 15)",9.7933
"(42, 16)",13.9583
"(42, 17)",13.9583
"(42, 18)",9.7933
"(42, 19)",13.9583
"(42, 20)",13.9583
"(42, 21)",13.9583
"(42, 22)",9.7933
"(42, 23)",95.0083
"(42, 24)",95.0083
"(42, 25)",11.0533
"(42, 26)",11.0533
"(42, 27)",11.0533
"(42, 28)",11.0533
"(42, 29)",11.0533
"(42, 30)",11.465
"(42, 31)",11.465
"(42, 32)",9.7933
"(42, 33)",11.465
"(42, 34)",11.465
"(42, 35)",9.7933
"(42, 36)",11.465
"(42, 37)",11.465
"(42, 38)",9.7933
"(42, 39)",11.465
"(42, 40)",11.465
"(42, 41)",9.7933
"(42, 42)",0.0
"(42, 43)",0.0
"(42, 44)",0.0
"(42, 45)",15.5133
"(43, 0)",9.7933
"(43, 1)",10.965
"(43, 2)",10.965
"(43, 3)",10.965
"(43, 4)",10.965
"(43, 5)",10.965
"(43, 6)",0.0
"(43, 7)",10.7133
"(43, 8)",16.6383
"(43, 9)",16.1733
"(43, 10)",15.01
"(43, 11)",20.805
"(43, 12)",20.805
"(43, 13)",13.9583
"(43, 14)",13.9583
"(43, 15)",9.7933
"(43, 16)",13.9583
"(43, 17)",13.9583
"(43, 18)",9.7933
"(43, 19)",13.9583
"(43, 20)",13.9583
"(43, 21)",13.9583
"(43, 22)",9.7933
"(43, 23)",95.0083
"(43, 24)",95.0083
"(43, 25)",11.0533
"(43, 26)",11.0533
"(43, 27)",11.0533
"(43, 28)",11.0533
"(43, 29)",11.0533
"(43, 30)",11.465
"(43, 31)",11.465
"(43, 32)",9.7933
"(43, 33)",11.465
"(43, 34)",11.465
"(43, 35)",9.7933
"(43, 36)",11.465
"(43, 37)",11.465
"(43, 38)",9.7933
"(43, 39)",11.465
"(43, 40)",11.465
"(43, 41)",9.7933
"(43, 42)",0.0
"(43, 43)",0.0
"(43, 44)",0.0
"(43, 45)",15.5133
"(44, 0)",9.7933
"(44, 1)",10.965
"(44, 2)",10.965
"(44, 3)",10.965
"(44, 4)",10.965
"(44, 5)",10.965
"(44, 6)",0.0
"(44, 7)",10.7133
"(44, 8)",16.6383
"(44, 9)",16.1733
"(44, 10)",15.01
"(44, 11)",20.805
"(44, 12)",20.805
"(44, 13)",13.9583
"(44, 14)",13.9583
"(44, 15)",9.7933
"(44, 16)",13.9583
"(44, 17)",13.9583
"(44, 18)",9.7933
"(44, 19)",13.9583
"(44, 20)",13.9583
"(44, 21)",13.9583
"(44, 22)",9.7933
"(44, 23)",95.0083
"(44, 24)",95.0083
"(44, 25)",11.0533
"(44, 26)",11.0533
"(44, 27)",11.0533
"(44, 28)",11.0533
"(44, 29)",11.0533
"(44, 30)",11.465
"(44, 31)",11.465
"(44, 32)",9.7933
"(44, 33)",11.465
"(44, 34)",11.465
"(44, 35)",9.7933
"(44, 36)",11.465
"(44, 37)",11.465
"(44, 38)",9.7933
"(44, 39)",11.465
"(44, 40)",11.465
"(44, 41)",9.7933
"(44, 42)",0.0
"(44, 43)",0.0
"(44, 44)",0.0
"(44, 45)",15.5133
"(45, 0)",7.375
"(45, 1)",11.615
"(45, 2)",11.615
"(45, 3)",11.615
"(45, 4)",11.615
"(45, 5)",11.615
"(45, 6)",15.56
"(45, 7)",13.295
"(45, 8)",9.1817
"(45, 9)",4.795
"(45, 10)",15.66
"(45, 11)",21.5567
"(45, 12)",21.5567
"(45, 13)",17.44
"(45, 14)",17.44
"(45, 15)",7.375
"(45, 16)",17.44
"(45, 17)",17.44
"(45, 18)",7.375
"(45, 19)",17.44
"(45, 20)",17.44
"(45, 21)",17.44
"(45, 22)",7.375
"(45, 23)",82.4583
"(45, 24)",82.4583
"(45, 25)",6.0567
"(45, 26)",6.0567
"(45, 27)",6.0567
"(45, 28)",6.0567
"(45, 29)",6.0567
"(45, 30)",11.82
"(45, 31)",11.82
"(45, 32)",7.375
"(45, 33)",11.82
"(45, 34)",11.82
"(45, 35)",7.375
"(45, 36)",11.82
"(45, 37)",11.82
"(45, 38)",7.375
"(45, 39)",11.82
"(45, 40)",11.82
"(45, 41)",7.375
"(45, 42)",15.56
"(45, 43)",15.56
"(45, 44)",15.56
"(45, 45)",0.0
